Fecha,Hora,Tema,URL
2027-01-05,15:00,Sopas y cremas para llevar: tarrinas con tapa y envases microondables,https://www.garciadepou.com/es/take-away/tarrinas/tarrinas-para-sopas.html?product_list_order=position
2027-01-07,15:00,Empiece el año con la mesa nueva: servilletas y mantelería de diario,https://www.garciadepou.com/es/un-solo-uso/servilletas-de-papel/servilletas-kangaroo.html?product_list_order=position
2027-01-12,15:00,Mantelines individuales: cambie la imagen del menú del día,https://www.garciadepou.com/es/un-solo-uso/manteles-individuales.html?product_list_order=position
2027-01-14,15:00,Servilletas Canguro: agilidad en mesa cuando la plantilla es corta,https://www.garciadepou.com/es/un-solo-uso/servilletas-de-papel/servilletas-kangaroo.html?product_list_order=position
2027-01-19,15:00,"Papel antigrasa: proteger, presentar y no traspasar",https://www.garciadepou.com/es/take-away/papel-antigrasa/envoltorios-recipientes-presentacion.html?product_list_order=position
2027-01-21,15:00,"San Valentín: la mesa que se recuerda. Tête-à-Tête, Like-Linen y mantelería decorada",https://www.garciadepou.com/es/un-solo-uso/tete-a-tete.html
2027-01-26,15:00,Cajas de bombones y pastelería fina para San Valentín,https://www.garciadepou.com/es/un-solo-uso/pasteleria/cajas-para-pasteleria.html?product_list_order=position
2027-01-28,15:00,Bolsas y papel de regalo para San Valentín,https://www.garciadepou.com/es/cotillon/papel-y-bolsas-para-regalos.html?product_list_order=position
2027-02-02,15:00,"Carnaval: churros, buñuelos y masas fritas. Cucuruchos y papelinas de punta",https://www.garciadepou.com/es/disposable-products/cucuruchos-de-papel.html?product_list_order=position
2027-02-04,15:00,Mantelería Airlaid: efecto tela sin lavandería,https://www.garciadepou.com/es/un-solo-uso/manteles-de-papel.html?product_list_order=position
2027-02-09,15:00,"Servilletas personalizadas: su logo en cada mesa, también en tirada corta",
2027-02-11,15:00,Cuaresma y vigilia: presentar y envolver el pescado,https://www.garciadepou.com/es/take-away/papel-antigrasa/envoltorios-recipientes-presentacion.html?product_list_order=position
2027-02-16,15:00,Bolsas para panadería y bollería: el desayuno fuera de casa,https://www.garciadepou.com/es/un-solo-uso/bolsas-de-papel-planas/bolsas-para-pan.html
2027-02-18,15:00,Guisos y platos de cuchara para llevar,https://www.garciadepou.com/es/take-away/tarrinas/tarrinas-para-sopas.html?product_list_order=position
2027-02-23,15:00,Servilletas Double Point: la calidad que se nota en la mano,https://www.garciadepou.com/es/un-solo-uso/servilletas-de-papel/servilletas-kangaroo.html?product_list_order=position
2027-02-25,15:00,Posavasos y presentación de barra para el aperitivo de invierno,
2027-03-02,15:00,Prepare la terraza antes de que llegue el sol: mantelería Spunbond y mantelines,https://www.garciadepou.com/es/un-solo-uso/manteles/manteles-spunbond-en-rollo.html
2027-03-04,15:00,"Las heladerías abren: tarrinas, conos y cucharillas",https://www.garciadepou.com/es/un-solo-uso/tarrinas-para-helados.html?product_list_order=position
2027-03-09,15:00,"Torrijas y dulces de Cuaresma: cajas, blondas y bandejas",https://www.garciadepou.com/es/pasteleria
2027-03-11,15:00,Día del Padre: pastelería y regalo,https://www.garciadepou.com/es/un-solo-uso/pasteleria/cajas-para-pasteleria.html?product_list_order=position
2027-03-16,15:00,Semana Santa: comida para llevar en los días de más afluencia,https://www.garciadepou.com/es/take-away.html
2027-03-18,15:00,Servilletas de color: vista la mesa de primavera,https://www.garciadepou.com/es/un-solo-uso/servilletas-de-papel/servilletas-kangaroo.html?product_list_order=position
2027-03-23,15:00,Bolsas abiertas a dos lados: bocadillos para llevar y comer de pie,https://www.garciadepou.com/es/un-solo-uso/bolsas-de-papel/bolsas-kraft.html?product_list_order=position
2027-03-25,15:00,Papel antigrasa decorado: presente el frito como se merece,https://www.garciadepou.com/es/take-away/papel-antigrasa/envoltorios-recipientes-presentacion.html?product_list_order=position
2027-03-30,15:00,Tête-à-Tête: el camino de mesa que cambia el ticket medio,https://www.garciadepou.com/es/un-solo-uso/tete-a-tete.html
2027-04-01,15:00,Feria de Abril y romerías: fritos para consumo de pie,https://www.garciadepou.com/es/disposable-products/cucuruchos-de-papel.html?product_list_order=position
2027-04-06,15:00,Comuniones: se contratan ahora. Mantelería coordinada y servilletas,https://www.garciadepou.com/es/cotillon/conjuntos-decorados.html
2027-04-08,15:00,Catering de exterior: bandejas traiteur y cajas de transporte,https://www.garciadepou.com/es/un-solo-uso/bandejas-traiteur.html?product_list_order=position
2027-04-13,15:00,Mantelines para la carta de primavera,https://www.garciadepou.com/es/un-solo-uso/manteles-individuales.html?product_list_order=position
2027-04-15,15:00,Pescaíto frito y fritura de temporada: envolver sin que traspase,https://www.garciadepou.com/es/take-away/papel-antigrasa/envoltorios-recipientes-presentacion.html?product_list_order=position
2027-04-20,15:00,Bolsas de pastelería para tartas de celebración,https://www.garciadepou.com/es/un-solo-uso/pasteleria/cajas-para-pasteleria.html?product_list_order=position
2027-04-22,15:00,Airlaid Natural: la mesa de temporada en tono crudo,
2027-04-27,15:00,Día de la Madre: pastelería y regalo,https://www.garciadepou.com/es/un-solo-uso/pasteleria/cajas-para-pasteleria.html?product_list_order=position
2027-04-29,15:00,"Bebidas frías: vasos, tapas y portavasos para la terraza",https://www.garciadepou.com/es/un-solo-uso/vasos-desechables/vasos-de-carton-bebidas-frias.html?product_list_order=position
2027-05-04,15:00,Comuniones en pico: la mesa de la celebración,https://www.garciadepou.com/es/cotillon/conjuntos-decorados.html
2027-05-06,15:00,"Bodas y catering: presentar, transportar y servir fuera de casa",https://www.garciadepou.com/es/un-solo-uso/bandejas-traiteur.html?product_list_order=position
2027-05-11,15:00,Terrazas a pleno: mantelería que aguanta viento y sol,https://www.garciadepou.com/es/un-solo-uso/manteles/manteles-spunbond-en-rollo.html
2027-05-13,15:00,"Helados y granizados: tarrinas, vasos y cucharillas",https://www.garciadepou.com/es/un-solo-uso/tarrinas-para-helados.html?product_list_order=position
2027-05-18,15:00,Bolsas de papel para heladería y pastelería de temporada,https://www.garciadepou.com/es/un-solo-uso/bolsas-de-papel/bolsas-kraft.html?product_list_order=position
2027-05-20,15:00,Servilletas Canguro: servicio rápido con la terraza llena,https://www.garciadepou.com/es/un-solo-uso/servilletas-de-papel/servilletas-kangaroo.html?product_list_order=position
2027-05-25,15:00,Papelinas y cucuruchos para ferias locales,https://www.garciadepou.com/es/disposable-products/cucuruchos-de-papel.html?product_list_order=position
2027-05-27,15:00,Envases para picnic y comida al aire libre,https://www.garciadepou.com/es/take-away.html
2027-06-01,15:00,"Bolsas de papel para las rebajas: kraft, con asa y personalizables",https://www.garciadepou.com/es/un-solo-uso/bolsas-de-papel/bolsas-kraft.html?product_list_order=position
2027-06-03,15:00,San Juan y verbenas: fritos y consumo en la calle,https://www.garciadepou.com/es/un-solo-uso/envases-de-carton/recipientes-para-fritas.html?product_list_order=position
2027-06-08,15:00,Fin de curso y celebraciones: mantelería y servilletas,https://www.garciadepou.com/es/un-solo-uso/manteles-de-papel.html?product_list_order=position
2027-06-10,15:00,Heladería en temporada alta: reposición de tarrinas y conos,https://www.garciadepou.com/es/un-solo-uso/tarrinas-para-helados.html?product_list_order=position
2027-06-15,15:00,Chiringuitos: el take away de playa,https://www.garciadepou.com/es/un-solo-uso/bolsas-de-papel/bolsas-kraft.html?product_list_order=position
2027-06-17,15:00,Just in Time: servilletas dispensadas para alto volumen,https://www.garciadepou.com/es/un-solo-uso/servilletas-de-papel/servilletas-kangaroo.html?product_list_order=position
2027-06-22,15:00,Mantelería reciclada: el argumento sostenible en plena temporada,https://www.garciadepou.com/es/un-solo-uso/manteles-de-papel.html?product_list_order=position
2027-06-24,15:00,Bolsas para pan y bollería en volumen de verano,https://www.garciadepou.com/es/un-solo-uso/bolsas-de-papel-planas/bolsas-para-pan.html
2027-06-29,15:00,"Bocadillos, wraps y comida de mano para el verano",https://www.garciadepou.com/es/un-solo-uso/bolsas-de-papel/bolsas-kraft.html?product_list_order=position
2027-07-01,15:00,Take away de playa: bolsas y envases que aguantan el calor,https://www.garciadepou.com/es/take-away.html
2027-07-06,15:00,"Fritos y aperitivos de barra: cajetillas, cucuruchos y vasos abiertos",https://www.garciadepou.com/es/un-solo-uso/envases-de-carton/recipientes-para-fritas.html?product_list_order=position
2027-07-08,15:00,Hamburguesas y bocadillos: el papel que no traspasa,https://www.garciadepou.com/es/take-away/papel-antigrasa/envoltorios-recipientes-presentacion.html?product_list_order=position
2027-07-13,15:00,Servilletas dispensadas: máximo volumen con mínimo desperdicio,https://www.garciadepou.com/es/un-solo-uso/servilletas-de-papel/servilletas-kangaroo.html?product_list_order=position
2027-07-15,15:00,Mantelines: cambiar la mesa en segundos con lleno total,https://www.garciadepou.com/es/un-solo-uso/manteles-individuales.html?product_list_order=position
2027-07-20,15:00,Reposición de julio: lo que no puede faltarle en agosto,https://www.garciadepou.com/es/un-solo-uso/servilletas-de-papel/servilletas-kangaroo.html?product_list_order=position
2027-07-22,15:00,Posavasos: la barra en temporada alta,
2027-07-27,15:00,Bolsas de papel para el comercio de temporada,https://www.garciadepou.com/es/un-solo-uso/bolsas-de-papel/bolsas-kraft.html?product_list_order=position
2027-07-29,15:00,Granizados y bebidas frías: el vaso adecuado para cada bebida,https://www.garciadepou.com/es/un-solo-uso/vasos-desechables/vasos-de-carton-bebidas-frias.html?product_list_order=position
2027-08-03,15:00,Reposición de agosto: 6.000 referencias en stock y entrega rápida,https://www.garciadepou.com/es/un-solo-uso/manteles-de-papel.html?product_list_order=position
2027-08-05,15:00,Canguro y Mini Servis: rapidez con personal de refuerzo,https://www.garciadepou.com/es/un-solo-uso/servilletas-de-papel/servilletas-kangaroo.html?product_list_order=position
2027-08-10,15:00,Aperitivos de barra: presentación rápida en papel,https://www.garciadepou.com/es/un-solo-uso/times/papelinas-de-punta.html
2027-08-12,15:00,Mantelería de diario en formato de volumen,https://www.garciadepou.com/es/un-solo-uso/manteles-de-papel.html?product_list_order=position
2027-08-17,15:00,Bolsas para bollería y desayunos de verano,https://www.garciadepou.com/es/un-solo-uso/bolsas-de-papel-planas/bolsas-para-croissant.html
2027-08-19,15:00,Tarrinas de helado: la punta de la temporada,https://www.garciadepou.com/es/un-solo-uso/tarrinas-para-helados.html?product_list_order=position
2027-08-24,15:00,Prepare septiembre: la mesa para la vuelta al menú del día,https://www.garciadepou.com/es/un-solo-uso/manteles-individuales.html?product_list_order=position
2027-08-26,15:00,Papel antigrasa para la fritura de temporada alta,https://www.garciadepou.com/es/take-away/papel-antigrasa/envoltorios-recipientes-presentacion.html?product_list_order=position
2027-08-31,15:00,Comida para llevar en pleno agosto: envases para todo el día,https://www.garciadepou.com/es/take-away.html
2027-09-02,15:00,Vuelta al menú del día: mantelines y servilletas de diario,https://www.garciadepou.com/es/un-solo-uso/manteles-individuales.html?product_list_order=position
2027-09-07,15:00,Vendimia y enoturismo: vestir la mesa del vino,https://www.garciadepou.com/es/un-solo-uso/manteles-de-papel.html?product_list_order=position
2027-09-09,15:00,Panadería: la nueva temporada de bollería,https://www.garciadepou.com/es/un-solo-uso/bolsas-de-papel-planas/bolsas-para-croissant.html
2027-09-14,15:00,Personalice con su logo: pídalo ahora para tenerlo en Navidad,
2027-09-16,15:00,Like-Linen: la mesa de otoño con efecto tela,https://www.garciadepou.com/es/marcas/like-linen.html?product_list_order=position
2027-09-21,15:00,Bolsas de papel: vuelta al comercio de barrio,https://www.garciadepou.com/es/un-solo-uso/bolsas-de-papel/bolsas-kraft.html?product_list_order=position
2027-09-23,15:00,"PFAS Free: la normativa de envases, al día",https://www.garciadepou.com/es/un-solo-uso/pfas-free.html?product_list_order=position
2027-09-28,15:00,Envases para el menú de oficina: microondables y estancos,https://www.garciadepou.com/es/un-solo-uso/envases-de-carton/recipientes-take-away-microondables.html?product_list_order=position
2027-09-30,15:00,"Catering de empresa y coffee break: vasos, bandejas y servilleta",https://www.garciadepou.com/es/un-solo-uso/vasos-desechables/vasos-de-carton-bebidas-calientes.html
2027-10-05,15:00,La Navidad se compra ahora: mantelería y servilletas de Navidad,https://www.garciadepou.com/es/cotillon/servilletas-de-navidad.html?product_list_order=position
2027-10-07,15:00,Castañas y churros de otoño: cucuruchos y papelinas de punta,https://www.garciadepou.com/es/disposable-products/cucuruchos-de-papel.html?product_list_order=position
2027-10-12,15:00,Halloween y Todos los Santos: mantelería y bolsas decoradas,https://www.garciadepou.com/es/cotillon/conjuntos-decorados.html
2027-10-14,15:00,"Panellets y dulces de Todos los Santos: cajas, cápsulas y blondas",https://www.garciadepou.com/es/pasteleria
2027-10-19,15:00,Vuelven las sopas y las cremas: tarrinas con tapa estanca,https://www.garciadepou.com/es/take-away/tarrinas/tarrinas-para-sopas.html?product_list_order=position
2027-10-21,15:00,"La mesa de otoño: setas, caza y cocido",https://www.garciadepou.com/es/marcas/like-linen.html?product_list_order=position
2027-10-26,15:00,Cenas de empresa: reserve la mantelería antes de que se agote,https://www.garciadepou.com/es/cotillon/conjuntos-decorados.html
2027-10-28,15:00,Bolsas de papel para el comercio de otoño,https://www.garciadepou.com/es/un-solo-uso/bolsas-de-papel/bolsas-kraft.html?product_list_order=position
2027-11-02,15:00,Cenas de empresa: la mesa que justifica el precio del menú,https://www.garciadepou.com/es/cotillon/conjuntos-decorados.html
2027-11-04,15:00,Black Friday: bolsas de papel para el comercio,https://www.garciadepou.com/es/un-solo-uso/bolsas-de-papel/bolsas-kraft.html?product_list_order=position
2027-11-09,15:00,Menús de Navidad: mantelería coordinada de principio a fin,https://www.garciadepou.com/es/cotillon/conjuntos-decorados.html
2027-11-11,15:00,"Catering navideño: bandejas, cajas y transporte",https://www.garciadepou.com/es/un-solo-uso/bandejas-traiteur.html?product_list_order=position
2027-11-16,15:00,"Lotes y regalos de empresa: papel, bolsas y cajas de botella",https://www.garciadepou.com/es/cotillon/cajas-para-botellas-y-lotes.html?product_list_order=position
2027-11-18,15:00,"Pastelería de Navidad: cajas, blondas y cápsulas",https://www.garciadepou.com/es/pasteleria
2027-11-23,15:00,Últimos días para personalizar con su logo antes de Navidad,
2027-11-25,15:00,Cotillón: bolsas y complementos de Fin de Año,https://www.garciadepou.com/es/cotillon/bolsas-de-cotillon.html?product_list_order=position
2027-11-30,15:00,"Servilletas de Navidad: todas las calidades, del tisú al Like-Linen",https://www.garciadepou.com/es/cotillon/servilletas-de-navidad.html?product_list_order=position
2027-12-02,15:00,"Roscón y dulces de Reyes: cajas, blondas y bandejas de pastelería",https://www.garciadepou.com/es/un-solo-uso/pasteleria/cajas-para-pasteleria.html?product_list_order=position
2027-12-07,15:00,"La mesa de Navidad: servilletas, manteles y Tête-à-Tête",https://www.garciadepou.com/es/cotillon/manteles-de-navidad-de-papel.html?product_list_order=position
2027-12-09,15:00,Cotillón y Fin de Año,https://www.garciadepou.com/es/cotillon/bolsas-de-cotillon.html?product_list_order=position
2027-12-14,15:00,"Lotes y regalos: papel, bolsas y cajas de botella",https://www.garciadepou.com/es/cotillon/cajas-para-botellas-y-lotes.html?product_list_order=position
2027-12-16,15:00,Pastelería de Navidad: presentar el turrón y el tronco,https://www.garciadepou.com/es/pasteleria
2027-12-21,15:00,Comida para llevar en festivos: envases y bolsas para los días grandes,https://www.garciadepou.com/es/take-away.html
2027-12-23,15:00,Reposición de última hora: entrega rápida antes de Nochebuena,https://www.garciadepou.com/es/cotillon/servilletas-de-navidad.html?product_list_order=position
2027-12-28,15:00,La mesa de Fin de Año: mantelería de gala,https://www.garciadepou.com/es/marcas/like-linen.html?product_list_order=position
2027-12-30,15:00,Take away de Navidad: transportar el plato preparado,https://www.garciadepou.com/es/un-solo-uso/bandejas-traiteur.html?product_list_order=position
